Name,Nicknames
John Smith,Johnny|Jon|Jack|Jono|JS
Maria Garcia,Mari|Marie|Mary|MG
David Johnson,Dave|Davy|DJ
Sarah Williams,Sally|Sara|Sadie|SW
Michael Brown,Mike|Mikey|Mick|MB
Lisa Davis,Liz|Liza|Lizzy|LD
James Wilson,Jim|Jimmy|Jamie|JW
Jennifer Martinez,Jen|Jenny|Jenn|JM
Robert Anderson,Rob|Robbie|Bobby|Bob|RA
